Date,Close,Close_Prediction
2018-02-20,278.549988,283.4338736282704
2018-02-21,,
2018-02-22,,
2018-02-23,,
2018-02-24,,
2018-02-25,,
2018-02-26,,
2018-02-27,,
2018-02-28,291.380005,293.7675826823425
2018-03-01,290.390015,288.3190093591656
2018-03-02,,
2018-03-03,,
2018-03-04,,
2018-03-05,315.0,310.79043353440886
2018-03-06,,
2018-03-07,321.160004,319.88746379948367
2018-03-08,317.0,317.108728081715
2018-03-09,,
2018-03-10,,
2018-03-11,,
2018-03-12,,
2018-03-13,,
2018-03-14,321.549988,322.95849203833023
2018-03-15,,
2018-03-16,318.450012,321.52036524607735
2018-03-17,,
2018-03-18,,
2018-03-19,,
2018-03-20,,
2018-03-21,316.480011,317.5008685052514
2018-03-22,,
2018-03-23,,
2018-03-24,,
2018-03-25,,
2018-03-26,320.350006,313.09694638730986
2018-03-27,,
2018-03-28,,
2018-03-29,,
2018-03-30,,
2018-03-31,,
2018-04-01,,
2018-04-02,,
2018-04-03,,
2018-04-04,288.940002,285.2245675885774
2018-04-05,,
2018-04-06,288.850006,294.526997892598
2018-04-07,,
2018-04-08,,
2018-04-09,,
2018-04-10,298.070007,294.6095463965211
2018-04-11,,
2018-04-12,309.25,309.20277531238924
2018-04-13,,
2018-04-14,,
2018-04-15,,
2018-04-16,,
2018-04-17,,
2018-04-18,,
2018-04-19,,
2018-04-20,,
2018-04-21,,
2018-04-22,,
2018-04-23,,
2018-04-24,,
2018-04-25,305.76001,299.1227785677791
2018-04-26,,
2018-04-27,,
2018-04-28,,
2018-04-29,,
2018-04-30,,
2018-05-01,313.299988,310.1329635078925
2018-05-02,,
2018-05-03,,
2018-05-04,,
2018-05-05,,
2018-05-06,,
2018-05-07,,
2018-05-08,,
2018-05-09,330.299988,330.533179755492
2018-05-10,,
2018-05-11,,
2018-05-12,,
2018-05-13,,
2018-05-14,,
2018-05-15,,
2018-05-16,,
2018-05-17,,
2018-05-18,,
2018-05-19,,
2018-05-20,,
2018-05-21,331.820007,329.8463573479292
2018-05-22,,
2018-05-23,344.720001,341.072849403551
2018-05-24,,
2018-05-25,,
2018-05-26,,
2018-05-27,,
2018-05-28,,
2018-05-29,,
2018-05-30,,
2018-05-31,,
2018-06-01,,
2018-06-02,,
2018-06-03,,
2018-06-04,,
2018-06-05,,
2018-06-06,367.450012,366.23273926179866
2018-06-07,361.399994,360.59182618326486
2018-06-08,,
2018-06-09,,
2018-06-10,,
2018-06-11,,
2018-06-12,363.829987,364.404479267659
2018-06-13,,
2018-06-14,,
2018-06-15,,
2018-06-16,,
2018-06-17,,
2018-06-18,,
2018-06-19,404.980011,402.0926202695863
2018-06-20,,
2018-06-21,,
2018-06-22,,
2018-06-23,,
2018-06-24,,
2018-06-25,,
2018-06-26,399.390015,399.86921678385727
2018-06-27,390.390015,397.78225941588806
2018-06-28,,
2018-06-29,,
2018-06-30,,
2018-07-01,,
2018-07-02,,
2018-07-03,,
2018-07-04,,
2018-07-05,,
2018-07-06,408.25,405.05513333328224
2018-07-07,,
2018-07-08,,
2018-07-09,,
2018-07-10,,
2018-07-11,,
2018-07-12,,
2018-07-13,395.799988,399.7498951651162
2018-07-14,,
2018-07-15,,
2018-07-16,,
2018-07-17,,
2018-07-18,,
2018-07-19,,
2018-07-20,,
2018-07-21,,
2018-07-22,,
2018-07-23,,
2018-07-24,,
2018-07-25,,
2018-07-26,,
2018-07-27,355.209991,355.3034471675651
2018-07-28,,
2018-07-29,,
2018-07-30,334.959991,339.0291539095737
2018-07-31,,
2018-08-01,,
2018-08-02,344.5,341.5658687215906
2018-08-03,,
2018-08-04,,
2018-08-05,,
2018-08-06,,
2018-08-07,,
2018-08-08,,
2018-08-09,,
2018-08-10,,
2018-08-11,,
2018-08-12,,
2018-08-13,,
2018-08-14,337.48999,338.00224759375266
2018-08-15,,
2018-08-16,,
2018-08-17,,
2018-08-18,,
2018-08-19,,
2018-08-20,,
2018-08-21,,
2018-08-22,,
2018-08-23,339.170013,342.0252719132633
2018-08-24,,
2018-08-25,,
2018-08-26,,
2018-08-27,,
2018-08-28,,
2018-08-29,,
2018-08-30,,
2018-08-31,367.679993,372.4271373443325
2018-09-01,,
2018-09-02,,
2018-09-03,,
2018-09-04,,
2018-09-05,,
2018-09-06,,
2018-09-07,,
2018-09-08,,
2018-09-09,,
2018-09-10,,
2018-09-11,355.929993,353.1336763405894
2018-09-12,,
2018-09-13,,
2018-09-14,,
2018-09-15,,
2018-09-16,,
2018-09-17,,
2018-09-18,,
2018-09-19,,
2018-09-20,,
2018-09-21,361.190002,367.10365019245467
2018-09-22,,
2018-09-23,,
2018-09-24,,
2018-09-25,,
2018-09-26,,
2018-09-27,,
2018-09-28,,
2018-09-29,,
2018-09-30,,
2018-10-01,,
2018-10-02,,
2018-10-03,,
2018-10-04,363.649994,364.0444498980241
2018-10-05,,
2018-10-06,,
2018-10-07,,
2018-10-08,,
2018-10-09,,
2018-10-10,325.890015,333.28345196033877
2018-10-11,,
2018-10-12,,
2018-10-13,,
2018-10-14,,
2018-10-15,,
2018-10-16,346.399994,341.6563227864154
2018-10-17,,
2018-10-18,,
2018-10-19,,
2018-10-20,,
2018-10-21,,
2018-10-22,329.540009,326.2294144029544
2018-10-23,,
2018-10-24,,
2018-10-25,312.869995,316.3492548887752
2018-10-26,,
2018-10-27,,
2018-10-28,,
2018-10-29,284.839996,284.74512794551885
2018-10-30,,
2018-10-31,301.779999,307.66708266678455
2018-11-01,,
2018-11-02,309.100006,314.16235444851463
2018-11-03,,
2018-11-04,,
2018-11-05,,
2018-11-06,310.839996,311.90786399361593
2018-11-07,,
2018-11-08,317.920013,322.6558682451309
2018-11-09,,
2018-11-10,,
2018-11-11,,
2018-11-12,,
2018-11-13,,
2018-11-14,,
2018-11-15,290.059998,288.80245202303195
2018-11-16,,
2018-11-17,,
2018-11-18,,
2018-11-19,,
2018-11-20,,
2018-11-21,,
2018-11-22,,
2018-11-23,,
2018-11-24,,
2018-11-25,,
2018-11-26,261.429993,260.3117869523912
2018-11-27,266.630005,264.9574193339447
2018-11-28,,
2018-11-29,288.75,284.1888942147233
2018-11-30,286.130005,287.05043497835896
2018-12-01,,
2018-12-02,,
2018-12-03,,
2018-12-04,,
2018-12-05,,
2018-12-06,,
2018-12-07,265.140015,269.170139274116
2018-12-08,,
2018-12-09,,
2018-12-10,,
2018-12-11,,
2018-12-12,,
2018-12-13,,
2018-12-14,,
2018-12-15,,
2018-12-16,,
2018-12-17,,
2018-12-18,,
2018-12-19,,
2018-12-20,,
2018-12-21,246.389999,247.7695175484829
2018-12-22,,
2018-12-23,,
2018-12-24,233.880005,242.36978714117998
2018-12-25,,
2018-12-26,253.669998,248.30589987103107
2018-12-27,,
2018-12-28,,
2018-12-29,,
2018-12-30,,
2018-12-31,,
2019-01-01,,
2019-01-02,,
2019-01-03,,
2019-01-04,297.570007,292.7879713453827
2019-01-05,,
2019-01-06,,
2019-01-07,315.339996,314.41646843728074
2019-01-08,,
2019-01-09,,
2019-01-10,,
2019-01-11,337.589996,338.3450022469163
2019-01-12,,
2019-01-13,,
2019-01-14,,
2019-01-15,,
2019-01-16,351.390015,354.2243070173494
2019-01-17,,
2019-01-18,,
2019-01-19,,
2019-01-20,,
2019-01-21,,
2019-01-22,325.160004,326.6719973954212
2019-01-23,,
2019-01-24,,
2019-01-25,,
2019-01-26,,
2019-01-27,,
2019-01-28,335.660004,331.8600070528612
2019-01-29,,
2019-01-30,,
2019-01-31,,
2019-02-01,,
2019-02-02,,
2019-02-03,,
2019-02-04,,
2019-02-05,,
2019-02-06,352.190002,349.556441051192
2019-02-07,344.709991,341.92795979131074
2019-02-08,347.570007,346.1140681664793
2019-02-09,,
2019-02-10,,
2019-02-11,345.730011,348.3283664188645
2019-02-12,,
2019-02-13,,
2019-02-14,,
2019-02-15,,
2019-02-16,,
2019-02-17,,
2019-02-18,,
2019-02-19,,
2019-02-20,,
2019-02-21,,
2019-02-22,,
2019-02-23,,
2019-02-24,,
2019-02-25,,
2019-02-26,,
2019-02-27,,
2019-02-28,,
2019-03-01,357.320007,356.96721314618287
2019-03-02,,
2019-03-03,,
2019-03-04,,
2019-03-05,,
2019-03-06,,
2019-03-07,,
2019-03-08,,
2019-03-09,,
2019-03-10,,
2019-03-11,,
2019-03-12,,
2019-03-13,,
2019-03-14,,
2019-03-15,,
2019-03-16,,
2019-03-17,,
2019-03-18,,
2019-03-19,,
2019-03-20,,
2019-03-21,,
2019-03-22,361.01001,364.0505931019877
2019-03-23,,
2019-03-24,,
2019-03-25,,
2019-03-26,,
2019-03-27,,
2019-03-28,,
2019-03-29,356.559998,355.5161089899189
2019-03-30,,
2019-03-31,,
2019-04-01,,
2019-04-02,,
2019-04-03,,
2019-04-04,,
2019-04-05,,
2019-04-06,,
2019-04-07,,
2019-04-08,,
2019-04-09,,
2019-04-10,,
2019-04-11,,
2019-04-12,,
2019-04-13,,
2019-04-14,,
2019-04-15,,
2019-04-16,359.459991,361.9821881597327
2019-04-17,,
2019-04-18,,
2019-04-19,,
2019-04-20,,
2019-04-21,,
2019-04-22,,
2019-04-23,,
2019-04-24,,
2019-04-25,,
2019-04-26,374.850006,372.1749720119108
2019-04-27,,
2019-04-28,,
2019-04-29,,
2019-04-30,,
2019-05-01,,
2019-05-02,379.059998,379.7173040882149
2019-05-03,,
2019-05-04,,
2019-05-05,,
2019-05-06,,
2019-05-07,,
2019-05-08,,
2019-05-09,,
2019-05-10,361.040009,357.7962344929153
2019-05-11,,
2019-05-12,,
2019-05-13,,
2019-05-14,,
2019-05-15,,
2019-05-16,,
2019-05-17,,
2019-05-18,,
2019-05-19,,
2019-05-20,,
2019-05-21,,
2019-05-22,,
2019-05-23,,
2019-05-24,,
2019-05-25,,
2019-05-26,,
2019-05-27,,
2019-05-28,,
2019-05-29,,
2019-05-30,,
2019-05-31,343.279999,345.67045130149774
2019-06-01,,
2019-06-02,,
2019-06-03,,
2019-06-04,353.399994,350.68002048875553
2019-06-05,,
2019-06-06,,
2019-06-07,,
2019-06-08,,
2019-06-09,,
2019-06-10,,
2019-06-11,351.269989,352.0376362959298
2019-06-12,345.559998,346.4692566828893
2019-06-13,,
2019-06-14,,
2019-06-15,,
2019-06-16,,
2019-06-17,,
2019-06-18,,
2019-06-19,,
2019-06-20,,
2019-06-21,,
2019-06-22,,
2019-06-23,,
2019-06-24,,
2019-06-25,,
2019-06-26,,
2019-06-27,,
2019-06-28,,
2019-06-29,,
2019-06-30,,
2019-07-01,,
2019-07-02,375.429993,372.24853482507194
2019-07-03,,
2019-07-04,,
2019-07-05,,
2019-07-06,,
2019-07-07,,
2019-07-08,,
2019-07-09,,
2019-07-10,,
2019-07-11,,
2019-07-12,,
2019-07-13,,
2019-07-14,,
2019-07-15,,
2019-07-16,365.98999,367.2857476755237
2019-07-17,,
2019-07-18,,
2019-07-19,,
2019-07-20,,
2019-07-21,,
2019-07-22,,
2019-07-23,,
2019-07-24,317.940002,315.96656561517324
2019-07-25,,
2019-07-26,,
2019-07-27,,
2019-07-28,,
2019-07-29,,
2019-07-30,,
2019-07-31,,
2019-08-01,,
2019-08-02,,
2019-08-03,,
2019-08-04,,
2019-08-05,,
2019-08-06,310.100006,307.68532881808255
2019-08-07,,
2019-08-08,,
2019-08-09,308.929993,309.6861231275152
2019-08-10,,
2019-08-11,,
2019-08-12,,
2019-08-13,312.279999,313.8066792312406
2019-08-14,299.109985,300.68659882668965
2019-08-15,,
2019-08-16,,
2019-08-17,,
2019-08-18,,
2019-08-19,,
2019-08-20,298.98999,299.81340988062493
2019-08-21,,
2019-08-22,,
2019-08-23,,
2019-08-24,,
2019-08-25,,
2019-08-26,,
2019-08-27,,
2019-08-28,291.769989,290.7831858078442
2019-08-29,,
2019-08-30,,
2019-08-31,,
2019-09-01,,
2019-09-02,,
2019-09-03,,
2019-09-04,291.519989,288.4971786184931
2019-09-05,,
2019-09-06,,
2019-09-07,,
2019-09-08,,
2019-09-09,,
2019-09-10,,
2019-09-11,,
2019-09-12,,
2019-09-13,,
2019-09-14,,
2019-09-15,,
2019-09-16,,
2019-09-17,,
2019-09-18,291.559998,290.20684489282075
2019-09-19,,
2019-09-20,270.75,272.4210780172504
2019-09-21,,
2019-09-22,,
2019-09-23,,
2019-09-24,,
2019-09-25,,
2019-09-26,,
2019-09-27,,
2019-09-28,,
2019-09-29,,
2019-09-30,,
2019-10-01,,
2019-10-02,,
2019-10-03,,
2019-10-04,,
2019-10-05,,
2019-10-06,,
2019-10-07,,
2019-10-08,270.720001,273.36839590071963
2019-10-09,,
2019-10-10,,
2019-10-11,,
2019-10-12,,
2019-10-13,,
2019-10-14,,
2019-10-15,,
2019-10-16,,
2019-10-17,,
2019-10-18,,
2019-10-19,,
2019-10-20,,
2019-10-21,,
2019-10-22,,
2019-10-23,,
2019-10-24,,
2019-10-25,276.820007,275.8494156581209
2019-10-26,,
2019-10-27,,
2019-10-28,,
2019-10-29,281.209991,280.4767080625672
2019-10-30,,
2019-10-31,,
2019-11-01,,
2019-11-02,,
2019-11-03,,
2019-11-04,,
2019-11-05,,
2019-11-06,,
2019-11-07,,
2019-11-08,,
2019-11-09,,
2019-11-10,,
2019-11-11,294.179993,294.22251106340775
2019-11-12,,
2019-11-13,,
2019-11-14,,
2019-11-15,,
2019-11-16,,
2019-11-17,,
2019-11-18,,
2019-11-19,,
2019-11-20,,
2019-11-21,,
2019-11-22,,
2019-11-23,,
2019-11-24,,
2019-11-25,,
2019-11-26,312.48999,313.78984304441514
2019-11-27,315.929993,315.38373499206637
2019-11-28,,
2019-11-29,,
2019-11-30,,
2019-12-01,,
2019-12-02,,
2019-12-03,,
2019-12-04,,
2019-12-05,,
2019-12-06,307.350006,305.61935835358645
2019-12-07,,
2019-12-08,,
2019-12-09,,
2019-12-10,,
2019-12-11,,
2019-12-12,,
2019-12-13,,
2019-12-14,,
2019-12-15,,
2019-12-16,,
2019-12-17,315.480011,314.6800880238109
2019-12-18,,
2019-12-19,,
2019-12-20,336.899994,334.4971953433113
2019-12-21,,
2019-12-22,,
2019-12-23,,
2019-12-24,,
2019-12-25,,
2019-12-26,,
2019-12-27,329.089996,328.2800532135411
2019-12-28,,
2019-12-29,,
2019-12-30,,
2019-12-31,,
2020-01-01,,
2020-01-02,,
2020-01-03,,
2020-01-04,,
2020-01-05,,
2020-01-06,,
2020-01-07,,
2020-01-08,,
2020-01-09,,
2020-01-10,,
2020-01-11,,
2020-01-12,,
2020-01-13,,
2020-01-14,,
2020-01-15,,
2020-01-16,,
2020-01-17,,
2020-01-18,,
2020-01-19,,
2020-01-20,,
2020-01-21,,
2020-01-22,,
2020-01-23,,
2020-01-24,,
2020-01-25,,
2020-01-26,,
2020-01-27,,
2020-01-28,,
2020-01-29,,
2020-01-30,,
2020-01-31,345.089996,342.54475103199456
2020-02-01,,
2020-02-02,,
2020-02-03,,
2020-02-04,369.01001,364.01465681134954
2020-02-05,,
2020-02-06,,
2020-02-07,,
2020-02-08,,
2020-02-09,,
2020-02-10,371.070007,370.7386287562411
2020-02-11,373.690002,374.1045057120174
2020-02-12,,
2020-02-13,,
2020-02-14,,
2020-02-15,,
2020-02-16,,
2020-02-17,,
2020-02-18,,
2020-02-19,,
2020-02-20,,
2020-02-21,380.070007,381.0537570516099
2020-02-22,,
2020-02-23,,
2020-02-24,,
2020-02-25,,
2020-02-26,,
2020-02-27,371.709991,386.80584193631233
2020-02-28,369.029999,368.55461311386256
2020-02-29,,
2020-03-01,,
2020-03-02,,
2020-03-03,368.769989,379.9663145938675
2020-03-04,,
2020-03-05,,
2020-03-06,,
2020-03-07,,
2020-03-08,,
2020-03-09,,
2020-03-10,,
2020-03-11,,
2020-03-12,,
2020-03-13,,
2020-03-14,,
2020-03-15,,
2020-03-16,,
2020-03-17,,
2020-03-18,,
2020-03-19,332.029999,337.190375689834
2020-03-20,,
2020-03-21,,
2020-03-22,,
2020-03-23,,
2020-03-24,,
2020-03-25,,
2020-03-26,,
2020-03-27,,
2020-03-28,,
2020-03-29,,
2020-03-30,370.959991,373.34136277644893
2020-03-31,,
2020-04-01,,
2020-04-02,,
2020-04-03,,
2020-04-04,,
2020-04-05,,
2020-04-06,379.959991,374.34577385310695
2020-04-07,372.279999,372.8846210979556
2020-04-08,,
2020-04-09,,
2020-04-10,,
2020-04-11,,
2020-04-12,,
2020-04-13,,
2020-04-14,,
2020-04-15,,
2020-04-16,439.170013,443.5454735414388
2020-04-17,,
2020-04-18,,
2020-04-19,,
2020-04-20,,
2020-04-21,433.829987,433.025158525033
2020-04-22,,
2020-04-23,,
2020-04-24,424.98999,419.9873611360853
2020-04-25,,
2020-04-26,,
2020-04-27,,
2020-04-28,,
2020-04-29,,
2020-04-30,,
2020-05-01,,
2020-05-02,,
2020-05-03,,
2020-05-04,428.149994,424.19393671554144
2020-05-05,424.679993,425.8233388381359
2020-05-06,434.26001,435.39753484484055
2020-05-07,,
2020-05-08,,
2020-05-09,,
2020-05-10,,
2020-05-11,,
2020-05-12,431.820007,435.35937418633785
2020-05-13,,
2020-05-14,441.950012,441.493916272262
2020-05-15,,
2020-05-16,,
2020-05-17,,
2020-05-18,452.579987,449.43190848841493
2020-05-19,,
2020-05-20,447.670013,447.5864413380574
2020-05-21,,
2020-05-22,,
2020-05-23,,
2020-05-24,,
2020-05-25,,
2020-05-26,,
2020-05-27,,
2020-05-28,,
2020-05-29,,
2020-05-30,,
2020-05-31,,
2020-06-01,,
2020-06-02,,
2020-06-03,,
2020-06-04,,
2020-06-05,419.600006,414.9574590960663
2020-06-06,,
2020-06-07,,
2020-06-08,,
2020-06-09,,
2020-06-10,,
2020-06-11,,
2020-06-12,,
2020-06-13,,
2020-06-14,,
2020-06-15,,
2020-06-16,,
2020-06-17,,
2020-06-18,,
2020-06-19,,
2020-06-20,,
2020-06-21,,
2020-06-22,,
2020-06-23,,
2020-06-24,,
2020-06-25,,
2020-06-26,,
2020-06-27,,
2020-06-28,,
2020-06-29,,
2020-06-30,,
2020-07-01,,
2020-07-02,,
2020-07-03,,
2020-07-04,,
2020-07-05,,
2020-07-06,,
2020-07-07,493.160004,498.2464880344575
2020-07-08,,
2020-07-09,,
2020-07-10,,
2020-07-11,,
2020-07-12,,
2020-07-13,,
2020-07-14,,
2020-07-15,523.26001,521.8738640618184
2020-07-16,,
2020-07-17,,
2020-07-18,,
2020-07-19,,
2020-07-20,,
2020-07-21,490.100006,492.88840404470477
2020-07-22,,
2020-07-23,,
2020-07-24,,
2020-07-25,,
2020-07-26,,
2020-07-27,,
2020-07-28,,
2020-07-29,484.480011,488.3065656432441
2020-07-30,,
2020-07-31,,
2020-08-01,,
2020-08-02,,
2020-08-03,,
2020-08-04,,
2020-08-05,502.109985,504.1164271861558
2020-08-06,,
2020-08-07,,
2020-08-08,,
2020-08-09,,
2020-08-10,,
2020-08-11,466.929993,470.5766497791577
2020-08-12,,
2020-08-13,,
2020-08-14,,
2020-08-15,,
2020-08-16,,
2020-08-17,,
2020-08-18,,
2020-08-19,,
2020-08-20,,
2020-08-21,,
2020-08-22,,
2020-08-23,,
2020-08-24,488.809998,490.0711017826371
2020-08-25,,
2020-08-26,547.530029,536.5560872716335
2020-08-27,,
2020-08-28,,
2020-08-29,,
2020-08-30,,
2020-08-31,,
2020-09-01,556.549988,552.0872898559118
2020-09-02,,
2020-09-03,,
2020-09-04,,
2020-09-05,,
2020-09-06,,
2020-09-07,,
2020-09-08,,
2020-09-09,500.190002,498.7349375207082
2020-09-10,,
2020-09-11,482.029999,484.5263326247355
2020-09-12,,
2020-09-13,,
2020-09-14,,
2020-09-15,,
2020-09-16,,
2020-09-17,,
2020-09-18,,
2020-09-19,,
2020-09-20,,
2020-09-21,,
2020-09-22,,
2020-09-23,,
2020-09-24,,
2020-09-25,482.880005,477.43348885337286
2020-09-26,,
2020-09-27,,
2020-09-28,,
2020-09-29,,
2020-09-30,,
2020-10-01,527.51001,522.5266497861141
2020-10-02,503.059998,513.305379720224
2020-10-03,,
2020-10-04,,
2020-10-05,,
2020-10-06,505.869995,509.6121579718842
2020-10-07,,
2020-10-08,,
2020-10-09,,
2020-10-10,,
2020-10-11,,
2020-10-12,,
2020-10-13,,
2020-10-14,541.450012,553.3748029651781
2020-10-15,,
2020-10-16,,
2020-10-17,,
2020-10-18,,
2020-10-19,,
2020-10-20,525.419983,528.6373490046658
2020-10-21,,
2020-10-22,,
2020-10-23,488.279999,484.57077855784996
2020-10-24,,
2020-10-25,,
2020-10-26,,
2020-10-27,,
2020-10-28,486.23999,490.1996973487744
2020-10-29,,
2020-10-30,,
2020-10-31,,
2020-11-01,,
2020-11-02,,
2020-11-03,,
2020-11-04,,
2020-11-05,,
2020-11-06,,
2020-11-07,,
2020-11-08,,
2020-11-09,,
2020-11-10,480.23999,475.8444104279438
2020-11-11,,
2020-11-12,,
2020-11-13,,
2020-11-14,,
2020-11-15,,
2020-11-16,,
2020-11-17,,
2020-11-18,,
2020-11-19,484.670013,485.35765433411785
2020-11-20,,
2020-11-21,,
2020-11-22,,
2020-11-23,,
2020-11-24,,
2020-11-25,,
2020-11-26,,
2020-11-27,,
2020-11-28,,
2020-11-29,,
2020-11-30,490.700012,485.11387583970225
2020-12-01,504.579987,505.4269886787885
2020-12-02,,
2020-12-03,497.519989,501.9713646237147
2020-12-04,,
2020-12-05,,
2020-12-06,,
2020-12-07,,
2020-12-08,,
2020-12-09,,
2020-12-10,501.089996,500.4621048054221
2020-12-11,,
2020-12-12,,
2020-12-13,,
2020-12-14,522.419983,516.6069934243101
2020-12-15,,
2020-12-16,,
2020-12-17,,
2020-12-18,,
2020-12-19,,
2020-12-20,,
2020-12-21,,
2020-12-22,,
2020-12-23,,
2020-12-24,,
2020-12-25,,
2020-12-26,,
2020-12-27,,
2020-12-28,,
2020-12-29,,
2020-12-30,,
2020-12-31,540.72998,539.1594511855666
2021-01-01,,
2021-01-02,,
2021-01-03,,
2021-01-04,,
2021-01-05,,
2021-01-06,,
2021-01-07,,
2021-01-08,,
2021-01-09,,
2021-01-10,,
2021-01-11,,
2021-01-12,,
2021-01-13,,
2021-01-14,500.859985,506.8236313483891
2021-01-15,497.980011,501.3661163381261
2021-01-16,,
2021-01-17,,
2021-01-18,,
2021-01-19,,
2021-01-20,,
2021-01-21,,
2021-01-22,,
2021-01-23,,
2021-01-24,,
2021-01-25,,
2021-01-26,,
2021-01-27,,
2021-01-28,,
2021-01-29,,
2021-01-30,,
2021-01-31,,
2021-02-01,,
2021-02-02,,
2021-02-03,,
2021-02-04,,
2021-02-05,,
2021-02-06,,
2021-02-07,,
2021-02-08,547.919983,546.1461547211757
2021-02-09,,
2021-02-10,,
2021-02-11,,
2021-02-12,,
2021-02-13,,
2021-02-14,,
2021-02-15,,
2021-02-16,,
2021-02-17,,
2021-02-18,,
2021-02-19,540.219971,541.6133994775365
2021-02-20,,
2021-02-21,,
2021-02-22,533.780029,537.050839221807
2021-02-23,,
2021-02-24,,
2021-02-25,,
2021-02-26,,
2021-02-27,,
2021-02-28,,
2021-03-01,,
2021-03-02,,
2021-03-03,,
2021-03-04,,
2021-03-05,516.390015,506.07959264859136
2021-03-06,,
2021-03-07,,
2021-03-08,,
2021-03-09,,
2021-03-10,,
2021-03-11,,
2021-03-12,,
2021-03-13,,
2021-03-14,,
2021-03-15,,
2021-03-16,,
2021-03-17,524.440002,520.8294810386269
2021-03-18,,
2021-03-19,512.179993,508.8990443533643
2021-03-20,,
2021-03-21,,
2021-03-22,523.109985,524.6472089289318
2021-03-23,,
2021-03-24,,
2021-03-25,,
2021-03-26,,
2021-03-27,,
2021-03-28,,
2021-03-29,513.950012,514.268540346984
2021-03-30,,
2021-03-31,,
2021-04-01,,
2021-04-02,,
2021-04-03,,
2021-04-04,,
2021-04-05,,
2021-04-06,,
2021-04-07,,
2021-04-08,554.580017,553.08493491882
2021-04-09,,
2021-04-10,,
2021-04-11,,
2021-04-12,552.780029,555.4509783588958
2021-04-13,,
2021-04-14,,
2021-04-15,,
2021-04-16,,
2021-04-17,,
2021-04-18,,
2021-04-19,,
2021-04-20,,
2021-04-21,,
2021-04-22,,
2021-04-23,505.549988,503.5169300426463
2021-04-24,,
2021-04-25,,
2021-04-26,,
2021-04-27,505.549988,506.76184291862637
2021-04-28,,
2021-04-29,,
2021-04-30,,
2021-05-01,,
2021-05-02,,
2021-05-03,509.109985,511.74730036679534
2021-05-04,,
2021-05-05,,
2021-05-06,,
2021-05-07,,
2021-05-08,,
2021-05-09,,
2021-05-10,,
2021-05-11,495.079987,492.9659285231699
2021-05-12,,
2021-05-13,486.660004,485.42676733839494
2021-05-14,,
2021-05-15,,
2021-05-16,,
2021-05-17,488.940002,488.96004365854594
2021-05-18,,
2021-05-19,,
2021-05-20,,
2021-05-21,,
2021-05-22,,
2021-05-23,,
2021-05-24,,
2021-05-25,,
2021-05-26,,
2021-05-27,,
2021-05-28,,
2021-05-29,,
2021-05-30,,
2021-05-31,,
2021-06-01,,
2021-06-02,,
2021-06-03,,
2021-06-04,,
2021-06-05,,
2021-06-06,,
2021-06-07,494.660004,494.14286695867617
2021-06-08,,
2021-06-09,,
2021-06-10,,
2021-06-11,488.769989,489.60114920469385
2021-06-12,,
2021-06-13,,
2021-06-14,499.890015,498.2462787286398
2021-06-15,,
2021-06-16,,
2021-06-17,,
2021-06-18,,
2021-06-19,,
2021-06-20,,
2021-06-21,497.0,494.8672345474773
2021-06-22,,
2021-06-23,,
2021-06-24,,
2021-06-25,,
2021-06-26,,
2021-06-27,,
2021-06-28,,
2021-06-29,,
2021-06-30,,
2021-07-01,,
2021-07-02,,
2021-07-03,,
2021-07-04,,
2021-07-05,,
2021-07-06,,
2021-07-07,,
2021-07-08,530.76001,533.2699268280253
2021-07-09,,
2021-07-10,,
2021-07-11,,
2021-07-12,,
2021-07-13,,
2021-07-14,547.950012,551.385197280253
2021-07-15,,
2021-07-16,,
2021-07-17,,
2021-07-18,,
2021-07-19,,
2021-07-20,,
2021-07-21,,
2021-07-22,511.769989,510.68442229427103
2021-07-23,,
2021-07-24,,
2021-07-25,,
2021-07-26,,
2021-07-27,518.909973,516.3964169102671
2021-07-28,,
2021-07-29,,
2021-07-30,,
2021-07-31,,
2021-08-01,,
2021-08-02,515.150024,512.9749910638085
2021-08-03,510.820007,508.2649971216674
2021-08-04,,
2021-08-05,,
2021-08-06,,
2021-08-07,,
2021-08-08,,
2021-08-09,,
2021-08-10,,
2021-08-11,512.400024,513.2511044924261
2021-08-12,,
2021-08-13,515.919983,518.5990035955749
2021-08-14,,
2021-08-15,,
2021-08-16,,
2021-08-17,,
2021-08-18,,
2021-08-19,,
2021-08-20,,
2021-08-21,,
2021-08-22,,
2021-08-23,,
2021-08-24,,
2021-08-25,,
2021-08-26,,
2021-08-27,,
2021-08-28,,
2021-08-29,,
2021-08-30,,
2021-08-31,,
2021-09-01,,
2021-09-02,,
2021-09-03,,
2021-09-04,,
2021-09-05,,
2021-09-06,,
2021-09-07,606.710022,609.2125800171865
2021-09-08,,
2021-09-09,597.539978,601.0462130262541
2021-09-10,,
2021-09-11,,
2021-09-12,,
2021-09-13,,
2021-09-14,,
2021-09-15,,
2021-09-16,,
2021-09-17,589.349976,584.5114877307797
2021-09-18,,
2021-09-19,,
2021-09-20,,
2021-09-21,,
2021-09-22,,
2021-09-23,,
2021-09-24,,
2021-09-25,,
2021-09-26,,
2021-09-27,,
2021-09-28,,
2021-09-29,,
2021-09-30,610.340027,617.0942021880078
2021-10-01,,
2021-10-02,,
2021-10-03,,
2021-10-04,603.349976,608.2857408356855
2021-10-05,,
2021-10-06,,
2021-10-07,,
2021-10-08,632.659973,639.2127591036509
2021-10-09,,
2021-10-10,,
2021-10-11,,
2021-10-12,,
2021-10-13,,
2021-10-14,633.799988,631.7374977654246
2021-10-15,,
2021-10-16,,
2021-10-17,,
2021-10-18,,
2021-10-19,,
2021-10-20,625.140015,628.7891170826668
2021-10-21,653.159973,648.5497168816792
2021-10-22,664.780029,662.8838870772098
2021-10-23,,
2021-10-24,,
2021-10-25,,
2021-10-26,,
2021-10-27,662.919983,665.4326480818121
2021-10-28,674.049988,673.4846285821833
2021-10-29,,
2021-10-30,,
2021-10-31,,
2021-11-01,,
2021-11-02,,
2021-11-03,,
2021-11-04,,
2021-11-05,,
2021-11-06,,
2021-11-07,,
2021-11-08,,
2021-11-09,655.98999,656.6687851948983
2021-11-10,,
2021-11-11,657.580017,661.9941199310994
2021-11-12,682.609985,673.0691530369031
2021-11-13,,
2021-11-14,,
2021-11-15,,
2021-11-16,687.400024,685.1800859616035
2021-11-17,,
2021-11-18,,
2021-11-19,,
2021-11-20,,
2021-11-21,,
2021-11-22,659.200012,663.1320663582336
2021-11-23,,
2021-11-24,,
2021-11-25,,
2021-11-26,665.640015,664.8652772919087
2021-11-27,,
2021-11-28,,
2021-11-29,,
2021-11-30,,
2021-12-01,,
2021-12-02,,
2021-12-03,,
2021-12-04,,
2021-12-05,,
2021-12-06,,
2021-12-07,625.580017,620.2187206485029
2021-12-08,,
2021-12-09,,
2021-12-10,,
2021-12-11,,
2021-12-12,,
2021-12-13,,
2021-12-14,,
2021-12-15,605.039978,593.0630120894087
2021-12-16,,
2021-12-17,,
2021-12-18,,
2021-12-19,,
2021-12-20,,
2021-12-21,,
2021-12-22,614.23999,611.7589842526529
2021-12-23,,
2021-12-24,,
2021-12-25,,
2021-12-26,,
2021-12-27,613.119995,610.6921421288167
2021-12-28,,
2021-12-29,,
2021-12-30,,
2021-12-31,,
2022-01-01,,
2022-01-02,,
2022-01-03,,
2022-01-04,591.150024,585.8955800140658
2022-01-05,,
2022-01-06,,
2022-01-07,,
2022-01-08,,
2022-01-09,,
2022-01-10,539.849976,532.9643290507163
2022-01-11,,
2022-01-12,,
2022-01-13,,
2022-01-14,,
2022-01-15,,
2022-01-16,,
2022-01-17,,
2022-01-18,,
2022-01-19,,
2022-01-20,,
2022-01-21,,
2022-01-22,,
2022-01-23,,
2022-01-24,,
2022-01-25,,
2022-01-26,,
2022-01-27,,
2022-01-28,384.359985,376.0286682945093
